window_id,window_start,window_end,label,split
0,2006-12-16,2006-12-22,1,train
1,2006-12-17,2006-12-23,0,train
2,2006-12-18,2006-12-24,0,test
3,2006-12-19,2006-12-25,0,train
4,2006-12-20,2006-12-26,0,train
5,2006-12-21,2006-12-27,0,train
6,2006-12-22,2006-12-28,0,train
7,2006-12-23,2006-12-29,0,train
8,2006-12-24,2006-12-30,0,train
9,2006-12-25,2006-12-31,0,test
10,2006-12-26,2007-01-01,0,train
11,2006-12-27,2007-01-02,0,train
12,2006-12-28,2007-01-03,0,train
13,2006-12-29,2007-01-04,0,train
14,2006-12-30,2007-01-05,0,test
15,2006-12-31,2007-01-06,0,test
16,2007-01-01,2007-01-07,0,train
17,2007-01-02,2007-01-08,0,test
18,2007-01-03,2007-01-09,0,train
19,2007-01-04,2007-01-10,0,train
20,2007-01-05,2007-01-11,0,train
21,2007-01-06,2007-01-12,0,test
22,2007-01-07,2007-01-13,0,test
23,2007-01-08,2007-01-14,0,train
24,2007-01-09,2007-01-15,0,train
25,2007-01-10,2007-01-16,0,train
26,2007-01-11,2007-01-17,0,train
27,2007-01-12,2007-01-18,0,test
28,2007-01-13,2007-01-19,0,train
29,2007-01-14,2007-01-20,0,train
30,2007-01-15,2007-01-21,0,train
31,2007-01-16,2007-01-22,0,train
32,2007-01-17,2007-01-23,0,train
33,2007-01-18,2007-01-24,0,train
34,2007-01-19,2007-01-25,0,train
35,2007-01-20,2007-01-26,0,test
36,2007-01-21,2007-01-27,0,train
37,2007-01-22,2007-01-28,0,train
38,2007-01-23,2007-01-29,0,test
39,2007-01-24,2007-01-30,0,train
40,2007-01-25,2007-01-31,0,train
41,2007-01-26,2007-02-01,0,test
42,2007-01-27,2007-02-02,0,train
43,2007-01-28,2007-02-03,0,train
44,2007-01-29,2007-02-04,1,train
45,2007-01-30,2007-02-05,0,train
46,2007-01-31,2007-02-06,0,train
47,2007-02-01,2007-02-07,0,train
48,2007-02-02,2007-02-08,0,train
49,2007-02-03,2007-02-09,0,train
50,2007-02-04,2007-02-10,0,train
51,2007-02-05,2007-02-11,0,train
52,2007-02-06,2007-02-12,0,train
53,2007-02-07,2007-02-13,0,train
54,2007-02-08,2007-02-14,0,train
55,2007-02-09,2007-02-15,0,test
56,2007-02-10,2007-02-16,0,train
57,2007-02-11,2007-02-17,0,train
58,2007-02-12,2007-02-18,0,train
59,2007-02-13,2007-02-19,0,train
60,2007-02-14,2007-02-20,0,train
61,2007-02-15,2007-02-21,0,train
62,2007-02-16,2007-02-22,0,train
63,2007-02-17,2007-02-23,1,train
64,2007-02-18,2007-02-24,0,train
65,2007-02-19,2007-02-25,0,train
66,2007-02-20,2007-02-26,0,train
67,2007-02-21,2007-02-27,1,train
68,2007-02-22,2007-02-28,0,test
69,2007-02-23,2007-03-01,0,train
70,2007-02-24,2007-03-02,1,train
71,2007-02-25,2007-03-03,1,train
72,2007-02-26,2007-03-04,0,train
73,2007-02-27,2007-03-05,1,train
74,2007-02-28,2007-03-06,0,train
75,2007-03-01,2007-03-07,0,train
76,2007-03-02,2007-03-08,0,train
77,2007-03-03,2007-03-09,0,train
78,2007-03-04,2007-03-10,1,test
79,2007-03-05,2007-03-11,0,train
80,2007-03-06,2007-03-12,0,train
81,2007-03-07,2007-03-13,0,train
82,2007-03-08,2007-03-14,0,train
83,2007-03-09,2007-03-15,0,train
84,2007-03-10,2007-03-16,0,train
85,2007-03-11,2007-03-17,1,train
86,2007-03-12,2007-03-18,0,train
87,2007-03-13,2007-03-19,0,train
88,2007-03-14,2007-03-20,0,train
89,2007-03-15,2007-03-21,0,train
90,2007-03-16,2007-03-22,0,train
91,2007-03-17,2007-03-23,0,train
92,2007-03-18,2007-03-24,0,train
93,2007-03-19,2007-03-25,0,train
94,2007-03-20,2007-03-26,0,train
95,2007-03-21,2007-03-27,0,train
96,2007-03-22,2007-03-28,0,test
97,2007-03-23,2007-03-29,1,train
98,2007-03-24,2007-03-30,0,train
99,2007-03-25,2007-03-31,1,train
100,2007-03-26,2007-04-01,0,train
101,2007-03-27,2007-04-02,0,train
102,2007-03-28,2007-04-03,0,test
103,2007-03-29,2007-04-04,0,train
104,2007-03-30,2007-04-05,0,train
105,2007-03-31,2007-04-06,0,train
106,2007-04-01,2007-04-07,0,test
107,2007-04-02,2007-04-08,0,train
108,2007-04-03,2007-04-09,0,train
109,2007-04-04,2007-04-10,0,test
110,2007-04-05,2007-04-11,0,train
111,2007-04-06,2007-04-12,0,train
112,2007-04-07,2007-04-13,0,train
113,2007-04-08,2007-04-14,0,train
114,2007-04-09,2007-04-15,0,test
115,2007-04-10,2007-04-16,0,train
116,2007-04-11,2007-04-17,0,train
117,2007-04-12,2007-04-18,0,train
118,2007-04-13,2007-04-19,0,train
119,2007-04-14,2007-04-20,0,train
120,2007-04-15,2007-04-21,0,train
121,2007-04-16,2007-04-22,0,train
122,2007-04-17,2007-04-23,0,train
123,2007-04-18,2007-04-24,0,test
124,2007-04-19,2007-04-25,0,train
125,2007-04-20,2007-04-26,0,train
126,2007-04-21,2007-04-27,0,train
127,2007-04-22,2007-04-28,0,train
128,2007-04-23,2007-04-29,0,train
129,2007-04-24,2007-04-30,0,train
130,2007-04-25,2007-05-01,0,train
131,2007-04-26,2007-05-02,0,train
132,2007-04-27,2007-05-03,0,test
133,2007-04-28,2007-05-04,0,test
134,2007-04-29,2007-05-05,0,train
135,2007-04-30,2007-05-06,0,train
136,2007-05-01,2007-05-07,0,train
137,2007-05-02,2007-05-08,0,train
138,2007-05-03,2007-05-09,0,train
139,2007-05-04,2007-05-10,0,train
140,2007-05-05,2007-05-11,0,train
141,2007-05-06,2007-05-12,0,test
142,2007-05-07,2007-05-13,0,train
143,2007-05-08,2007-05-14,0,train
144,2007-05-09,2007-05-15,0,train
145,2007-05-10,2007-05-16,0,test
146,2007-05-11,2007-05-17,0,train
147,2007-05-12,2007-05-18,0,train
148,2007-05-13,2007-05-19,0,train
149,2007-05-14,2007-05-20,0,train
150,2007-05-15,2007-05-21,0,train
151,2007-05-16,2007-05-22,0,train
152,2007-05-17,2007-05-23,0,train
153,2007-05-18,2007-05-24,0,train
154,2007-05-19,2007-05-25,1,test
155,2007-05-20,2007-05-26,0,test
156,2007-05-21,2007-05-27,0,train
157,2007-05-22,2007-05-28,0,train
158,2007-05-23,2007-05-29,0,test
159,2007-05-24,2007-05-30,0,train
160,2007-05-25,2007-05-31,0,train
161,2007-05-26,2007-06-01,0,train
162,2007-05-27,2007-06-02,0,test
163,2007-05-28,2007-06-03,1,train
164,2007-05-29,2007-06-04,0,test
165,2007-05-30,2007-06-05,0,test
166,2007-05-31,2007-06-06,0,train
167,2007-06-01,2007-06-07,0,train
168,2007-06-02,2007-06-08,0,train
169,2007-06-03,2007-06-09,0,train
170,2007-06-04,2007-06-10,0,test
171,2007-06-05,2007-06-11,0,train
172,2007-06-06,2007-06-12,0,train
173,2007-06-07,2007-06-13,0,test
174,2007-06-08,2007-06-14,1,train
175,2007-06-09,2007-06-15,1,train
176,2007-06-10,2007-06-16,0,test
177,2007-06-11,2007-06-17,0,train
178,2007-06-12,2007-06-18,0,train
179,2007-06-13,2007-06-19,0,train
180,2007-06-14,2007-06-20,0,train
181,2007-06-15,2007-06-21,0,test
182,2007-06-16,2007-06-22,0,train
183,2007-06-17,2007-06-23,0,train
184,2007-06-18,2007-06-24,0,train
185,2007-06-19,2007-06-25,0,train
186,2007-06-20,2007-06-26,0,train
187,2007-06-21,2007-06-27,0,train
188,2007-06-22,2007-06-28,0,train
189,2007-06-23,2007-06-29,0,train
190,2007-06-24,2007-06-30,0,train
191,2007-06-25,2007-07-01,1,train
192,2007-06-26,2007-07-02,1,test
193,2007-06-27,2007-07-03,0,train
194,2007-06-28,2007-07-04,0,train
195,2007-06-29,2007-07-05,0,train
196,2007-06-30,2007-07-06,0,train
197,2007-07-01,2007-07-07,0,train
198,2007-07-02,2007-07-08,0,train
199,2007-07-03,2007-07-09,0,train
200,2007-07-04,2007-07-10,0,train
201,2007-07-05,2007-07-11,0,train
202,2007-07-06,2007-07-12,0,train
203,2007-07-07,2007-07-13,0,test
204,2007-07-08,2007-07-14,0,test
205,2007-07-09,2007-07-15,0,train
206,2007-07-10,2007-07-16,0,test
207,2007-07-11,2007-07-17,0,train
208,2007-07-12,2007-07-18,0,train
209,2007-07-13,2007-07-19,0,train
210,2007-07-14,2007-07-20,0,train
211,2007-07-15,2007-07-21,0,train
212,2007-07-16,2007-07-22,0,train
213,2007-07-17,2007-07-23,0,train
214,2007-07-18,2007-07-24,0,test
215,2007-07-19,2007-07-25,0,train
216,2007-07-20,2007-07-26,0,train
217,2007-07-21,2007-07-27,0,test
218,2007-07-22,2007-07-28,0,test
219,2007-07-23,2007-07-29,0,test
220,2007-07-24,2007-07-30,0,train
221,2007-07-25,2007-07-31,0,train
222,2007-07-26,2007-08-01,0,test
223,2007-07-27,2007-08-02,0,test
224,2007-07-28,2007-08-03,0,test
225,2007-07-29,2007-08-04,0,train
226,2007-07-30,2007-08-05,0,train
227,2007-07-31,2007-08-06,0,train
228,2007-08-01,2007-08-07,0,train
229,2007-08-02,2007-08-08,0,train
230,2007-08-03,2007-08-09,0,train
231,2007-08-04,2007-08-10,0,train
232,2007-08-05,2007-08-11,0,train
233,2007-08-06,2007-08-12,0,test
234,2007-08-07,2007-08-13,0,train
235,2007-08-08,2007-08-14,1,train
236,2007-08-09,2007-08-15,0,train
237,2007-08-10,2007-08-16,0,test
238,2007-08-11,2007-08-17,1,train
239,2007-08-12,2007-08-18,0,train
240,2007-08-13,2007-08-19,0,train
241,2007-08-14,2007-08-20,0,train
242,2007-08-15,2007-08-21,0,train
243,2007-08-16,2007-08-22,0,train
244,2007-08-17,2007-08-23,0,test
245,2007-08-18,2007-08-24,0,train
246,2007-08-19,2007-08-25,0,train
247,2007-08-20,2007-08-26,0,train
248,2007-08-21,2007-08-27,0,test
249,2007-08-22,2007-08-28,0,test
250,2007-08-23,2007-08-29,0,train
251,2007-08-24,2007-08-30,0,train
252,2007-08-25,2007-08-31,0,train
253,2007-08-26,2007-09-01,0,train
254,2007-08-27,2007-09-02,0,train
255,2007-08-28,2007-09-03,0,train
256,2007-08-29,2007-09-04,0,train
257,2007-08-30,2007-09-05,0,train
258,2007-08-31,2007-09-06,0,train
259,2007-09-01,2007-09-07,1,train
260,2007-09-02,2007-09-08,0,train
261,2007-09-03,2007-09-09,0,test
262,2007-09-04,2007-09-10,0,train
263,2007-09-05,2007-09-11,0,train
264,2007-09-06,2007-09-12,0,train
265,2007-09-07,2007-09-13,0,train
266,2007-09-08,2007-09-14,0,test
267,2007-09-09,2007-09-15,0,train
268,2007-09-10,2007-09-16,0,train
269,2007-09-11,2007-09-17,0,train
270,2007-09-12,2007-09-18,0,train
271,2007-09-13,2007-09-19,1,test
272,2007-09-14,2007-09-20,0,train
273,2007-09-15,2007-09-21,0,test
274,2007-09-16,2007-09-22,1,train
275,2007-09-17,2007-09-23,0,test
276,2007-09-18,2007-09-24,0,train
277,2007-09-19,2007-09-25,1,train
278,2007-09-20,2007-09-26,0,train
279,2007-09-21,2007-09-27,0,train
280,2007-09-22,2007-09-28,0,train
281,2007-09-23,2007-09-29,0,train
282,2007-09-24,2007-09-30,0,train
283,2007-09-25,2007-10-01,0,train
284,2007-09-26,2007-10-02,0,train
285,2007-09-27,2007-10-03,0,test
286,2007-09-28,2007-10-04,0,train
287,2007-09-29,2007-10-05,1,train
288,2007-09-30,2007-10-06,0,train
289,2007-10-01,2007-10-07,0,train
290,2007-10-02,2007-10-08,0,train
291,2007-10-03,2007-10-09,0,train
292,2007-10-04,2007-10-10,0,train
293,2007-10-05,2007-10-11,0,test
294,2007-10-06,2007-10-12,0,train
295,2007-10-07,2007-10-13,0,train
296,2007-10-08,2007-10-14,0,train
297,2007-10-09,2007-10-15,0,train
298,2007-10-10,2007-10-16,0,train
299,2007-10-11,2007-10-17,0,train
300,2007-10-12,2007-10-18,0,test
301,2007-10-13,2007-10-19,0,train
302,2007-10-14,2007-10-20,0,train
303,2007-10-15,2007-10-21,1,test
304,2007-10-16,2007-10-22,0,test
305,2007-10-17,2007-10-23,0,train
306,2007-10-18,2007-10-24,0,train
307,2007-10-19,2007-10-25,0,train
308,2007-10-20,2007-10-26,1,train
309,2007-10-21,2007-10-27,0,test
310,2007-10-22,2007-10-28,0,train
311,2007-10-23,2007-10-29,0,train
312,2007-10-24,2007-10-30,0,train
313,2007-10-25,2007-10-31,0,train
314,2007-10-26,2007-11-01,0,test
315,2007-10-27,2007-11-02,1,train
316,2007-10-28,2007-11-03,1,train
317,2007-10-29,2007-11-04,0,train
318,2007-10-30,2007-11-05,1,train
319,2007-10-31,2007-11-06,0,train
320,2007-11-01,2007-11-07,0,train
321,2007-11-02,2007-11-08,0,train
322,2007-11-03,2007-11-09,0,test
323,2007-11-04,2007-11-10,0,train
324,2007-11-05,2007-11-11,1,train
325,2007-11-06,2007-11-12,0,test
326,2007-11-07,2007-11-13,0,train
327,2007-11-08,2007-11-14,0,train
328,2007-11-09,2007-11-15,0,train
329,2007-11-10,2007-11-16,0,train
330,2007-11-11,2007-11-17,0,train
331,2007-11-12,2007-11-18,0,train
332,2007-11-13,2007-11-19,0,train
333,2007-11-14,2007-11-20,0,train
334,2007-11-15,2007-11-21,0,train
335,2007-11-16,2007-11-22,0,train
336,2007-11-17,2007-11-23,0,train
337,2007-11-18,2007-11-24,0,train
338,2007-11-19,2007-11-25,0,train
339,2007-11-20,2007-11-26,0,train
340,2007-11-21,2007-11-27,0,train
341,2007-11-22,2007-11-28,0,train
342,2007-11-23,2007-11-29,1,train
343,2007-11-24,2007-11-30,0,train
344,2007-11-25,2007-12-01,1,train
345,2007-11-26,2007-12-02,0,train
346,2007-11-27,2007-12-03,0,train
347,2007-11-28,2007-12-04,0,test
348,2007-11-29,2007-12-05,0,train
349,2007-11-30,2007-12-06,0,test
350,2007-12-01,2007-12-07,0,train
351,2007-12-02,2007-12-08,0,train
352,2007-12-03,2007-12-09,1,train
353,2007-12-04,2007-12-10,0,train
354,2007-12-05,2007-12-11,0,train
355,2007-12-06,2007-12-12,0,train
356,2007-12-07,2007-12-13,0,train
357,2007-12-08,2007-12-14,0,train
358,2007-12-09,2007-12-15,0,train
359,2007-12-10,2007-12-16,0,train
360,2007-12-11,2007-12-17,0,train
361,2007-12-12,2007-12-18,1,train
362,2007-12-13,2007-12-19,0,train
363,2007-12-14,2007-12-20,0,train
364,2007-12-15,2007-12-21,0,test
365,2007-12-16,2007-12-22,0,train
366,2007-12-17,2007-12-23,0,train
367,2007-12-18,2007-12-24,0,train
368,2007-12-19,2007-12-25,0,train
369,2007-12-20,2007-12-26,0,train
370,2007-12-21,2007-12-27,0,train
371,2007-12-22,2007-12-28,0,test
372,2007-12-23,2007-12-29,0,train
373,2007-12-24,2007-12-30,0,train
374,2007-12-25,2007-12-31,0,train
375,2007-12-26,2008-01-01,0,train
376,2007-12-27,2008-01-02,0,train
377,2007-12-28,2008-01-03,0,test
378,2007-12-29,2008-01-04,0,train
379,2007-12-30,2008-01-05,0,test
380,2007-12-31,2008-01-06,0,train
381,2008-01-01,2008-01-07,0,train
382,2008-01-02,2008-01-08,0,train
383,2008-01-03,2008-01-09,0,train
384,2008-01-04,2008-01-10,0,train
385,2008-01-05,2008-01-11,0,train
386,2008-01-06,2008-01-12,0,train
387,2008-01-07,2008-01-13,0,train
388,2008-01-08,2008-01-14,0,train
389,2008-01-09,2008-01-15,0,train
390,2008-01-10,2008-01-16,0,train
391,2008-01-11,2008-01-17,0,train
392,2008-01-12,2008-01-18,0,train
393,2008-01-13,2008-01-19,0,train
394,2008-01-14,2008-01-20,0,train
395,2008-01-15,2008-01-21,0,train
396,2008-01-16,2008-01-22,0,train
397,2008-01-17,2008-01-23,0,train
398,2008-01-18,2008-01-24,0,train
399,2008-01-19,2008-01-25,0,train
400,2008-01-20,2008-01-26,1,train
401,2008-01-21,2008-01-27,0,train
402,2008-01-22,2008-01-28,0,train
403,2008-01-23,2008-01-29,0,train
404,2008-01-24,2008-01-30,0,train
405,2008-01-25,2008-01-31,0,train
406,2008-01-26,2008-02-01,0,train
407,2008-01-27,2008-02-02,1,train
408,2008-01-28,2008-02-03,0,train
409,2008-01-29,2008-02-04,0,train
410,2008-01-30,2008-02-05,0,train
411,2008-01-31,2008-02-06,0,train
412,2008-02-01,2008-02-07,0,train
413,2008-02-02,2008-02-08,0,train
414,2008-02-03,2008-02-09,0,test
415,2008-02-04,2008-02-10,0,test
416,2008-02-05,2008-02-11,0,train
417,2008-02-06,2008-02-12,0,train
418,2008-02-07,2008-02-13,0,train
419,2008-02-08,2008-02-14,0,train
420,2008-02-09,2008-02-15,0,test
421,2008-02-10,2008-02-16,0,test
422,2008-02-11,2008-02-17,0,train
423,2008-02-12,2008-02-18,0,test
424,2008-02-13,2008-02-19,0,train
425,2008-02-14,2008-02-20,0,train
426,2008-02-15,2008-02-21,0,train
427,2008-02-16,2008-02-22,0,test
428,2008-02-17,2008-02-23,0,test
429,2008-02-18,2008-02-24,0,train
430,2008-02-19,2008-02-25,0,train
431,2008-02-20,2008-02-26,0,train
432,2008-02-21,2008-02-27,0,train
433,2008-02-22,2008-02-28,0,test
434,2008-02-23,2008-02-29,0,train
435,2008-02-24,2008-03-01,0,train
436,2008-02-25,2008-03-02,0,test
437,2008-02-26,2008-03-03,0,test
438,2008-02-27,2008-03-04,1,train
439,2008-02-28,2008-03-05,0,test
440,2008-02-29,2008-03-06,0,test
441,2008-03-01,2008-03-07,0,train
442,2008-03-02,2008-03-08,0,train
443,2008-03-03,2008-03-09,0,test
444,2008-03-04,2008-03-10,0,train
445,2008-03-05,2008-03-11,0,train
446,2008-03-06,2008-03-12,0,train
447,2008-03-07,2008-03-13,0,train
448,2008-03-08,2008-03-14,0,train
449,2008-03-09,2008-03-15,0,train
450,2008-03-10,2008-03-16,0,train
451,2008-03-11,2008-03-17,0,train
452,2008-03-12,2008-03-18,0,train
453,2008-03-13,2008-03-19,0,train
454,2008-03-14,2008-03-20,0,train
455,2008-03-15,2008-03-21,0,test
456,2008-03-16,2008-03-22,0,train
457,2008-03-17,2008-03-23,0,train
458,2008-03-18,2008-03-24,0,train
459,2008-03-19,2008-03-25,0,train
460,2008-03-20,2008-03-26,0,train
461,2008-03-21,2008-03-27,0,train
462,2008-03-22,2008-03-28,0,train
463,2008-03-23,2008-03-29,0,train
464,2008-03-24,2008-03-30,0,train
465,2008-03-25,2008-03-31,0,train
466,2008-03-26,2008-04-01,0,train
467,2008-03-27,2008-04-02,0,train
468,2008-03-28,2008-04-03,0,train
469,2008-03-29,2008-04-04,0,train
470,2008-03-30,2008-04-05,0,train
471,2008-03-31,2008-04-06,0,train
472,2008-04-01,2008-04-07,0,train
473,2008-04-02,2008-04-08,0,train
474,2008-04-03,2008-04-09,0,test
475,2008-04-04,2008-04-10,0,train
476,2008-04-05,2008-04-11,0,train
477,2008-04-06,2008-04-12,0,train
478,2008-04-07,2008-04-13,0,test
479,2008-04-08,2008-04-14,0,train
480,2008-04-09,2008-04-15,0,train
481,2008-04-10,2008-04-16,0,train
482,2008-04-11,2008-04-17,0,train
483,2008-04-12,2008-04-18,0,train
484,2008-04-13,2008-04-19,0,train
485,2008-04-14,2008-04-20,0,train
486,2008-04-15,2008-04-21,0,train
487,2008-04-16,2008-04-22,0,train
488,2008-04-17,2008-04-23,0,train
489,2008-04-18,2008-04-24,0,test
490,2008-04-19,2008-04-25,0,train
491,2008-04-20,2008-04-26,0,train
492,2008-04-21,2008-04-27,0,test
493,2008-04-22,2008-04-28,0,train
494,2008-04-23,2008-04-29,0,train
495,2008-04-24,2008-04-30,0,train
496,2008-04-25,2008-05-01,0,test
497,2008-04-26,2008-05-02,0,train
498,2008-04-27,2008-05-03,0,train
499,2008-04-28,2008-05-04,0,train
500,2008-04-29,2008-05-05,0,test
501,2008-04-30,2008-05-06,0,train
502,2008-05-01,2008-05-07,0,train
503,2008-05-02,2008-05-08,0,test
504,2008-05-03,2008-05-09,0,train
505,2008-05-04,2008-05-10,0,train
506,2008-05-05,2008-05-11,0,test
507,2008-05-06,2008-05-12,0,train
508,2008-05-07,2008-05-13,0,train
509,2008-05-08,2008-05-14,0,test
510,2008-05-09,2008-05-15,0,train
511,2008-05-10,2008-05-16,0,test
512,2008-05-11,2008-05-17,0,train
513,2008-05-12,2008-05-18,0,test
514,2008-05-13,2008-05-19,0,train
515,2008-05-14,2008-05-20,0,train
516,2008-05-15,2008-05-21,0,train
517,2008-05-16,2008-05-22,0,train
518,2008-05-17,2008-05-23,0,train
519,2008-05-18,2008-05-24,0,train
520,2008-05-19,2008-05-25,0,train
521,2008-05-20,2008-05-26,0,test
522,2008-05-21,2008-05-27,0,train
523,2008-05-22,2008-05-28,0,train
524,2008-05-23,2008-05-29,0,train
525,2008-05-24,2008-05-30,0,test
526,2008-05-25,2008-05-31,0,train
527,2008-05-26,2008-06-01,0,train
528,2008-05-27,2008-06-02,0,train
529,2008-05-28,2008-06-03,0,test
530,2008-05-29,2008-06-04,0,train
531,2008-05-30,2008-06-05,0,train
532,2008-05-31,2008-06-06,0,train
533,2008-06-01,2008-06-07,0,train
534,2008-06-02,2008-06-08,0,train
535,2008-06-03,2008-06-09,0,train
536,2008-06-04,2008-06-10,0,train
537,2008-06-05,2008-06-11,0,train
538,2008-06-06,2008-06-12,0,train
539,2008-06-07,2008-06-13,0,test
540,2008-06-08,2008-06-14,0,train
541,2008-06-09,2008-06-15,0,train
542,2008-06-10,2008-06-16,0,train
543,2008-06-11,2008-06-17,1,train
544,2008-06-12,2008-06-18,0,train
545,2008-06-13,2008-06-19,0,train
546,2008-06-14,2008-06-20,0,test
547,2008-06-15,2008-06-21,0,test
548,2008-06-16,2008-06-22,0,test
549,2008-06-17,2008-06-23,0,train
550,2008-06-18,2008-06-24,0,train
551,2008-06-19,2008-06-25,0,train
552,2008-06-20,2008-06-26,0,train
553,2008-06-21,2008-06-27,0,train
554,2008-06-22,2008-06-28,0,train
555,2008-06-23,2008-06-29,0,test
556,2008-06-24,2008-06-30,0,train
557,2008-06-25,2008-07-01,0,train
558,2008-06-26,2008-07-02,0,test
559,2008-06-27,2008-07-03,0,train
560,2008-06-28,2008-07-04,0,train
561,2008-06-29,2008-07-05,1,train
562,2008-06-30,2008-07-06,0,train
563,2008-07-01,2008-07-07,0,test
564,2008-07-02,2008-07-08,0,train
565,2008-07-03,2008-07-09,0,train
566,2008-07-04,2008-07-10,0,train
567,2008-07-05,2008-07-11,0,train
568,2008-07-06,2008-07-12,0,train
569,2008-07-07,2008-07-13,0,train
570,2008-07-08,2008-07-14,0,train
571,2008-07-09,2008-07-15,0,train
572,2008-07-10,2008-07-16,0,train
573,2008-07-11,2008-07-17,0,train
574,2008-07-12,2008-07-18,0,train
575,2008-07-13,2008-07-19,0,train
576,2008-07-14,2008-07-20,0,train
577,2008-07-15,2008-07-21,0,train
578,2008-07-16,2008-07-22,0,train
579,2008-07-17,2008-07-23,0,test
580,2008-07-18,2008-07-24,0,train
581,2008-07-19,2008-07-25,0,train
582,2008-07-20,2008-07-26,0,train
583,2008-07-21,2008-07-27,0,train
584,2008-07-22,2008-07-28,0,train
585,2008-07-23,2008-07-29,0,test
586,2008-07-24,2008-07-30,0,train
587,2008-07-25,2008-07-31,0,train
588,2008-07-26,2008-08-01,0,train
589,2008-07-27,2008-08-02,0,test
590,2008-07-28,2008-08-03,0,train
591,2008-07-29,2008-08-04,0,train
592,2008-07-30,2008-08-05,0,train
593,2008-07-31,2008-08-06,0,train
594,2008-08-01,2008-08-07,1,train
595,2008-08-02,2008-08-08,0,train
596,2008-08-03,2008-08-09,0,test
597,2008-08-04,2008-08-10,0,train
598,2008-08-05,2008-08-11,0,train
599,2008-08-06,2008-08-12,0,train
600,2008-08-07,2008-08-13,0,train
601,2008-08-08,2008-08-14,0,train
602,2008-08-09,2008-08-15,0,test
603,2008-08-10,2008-08-16,0,test
604,2008-08-11,2008-08-17,0,test
605,2008-08-12,2008-08-18,0,test
606,2008-08-13,2008-08-19,0,train
607,2008-08-14,2008-08-20,0,train
608,2008-08-15,2008-08-21,0,train
609,2008-08-16,2008-08-22,0,train
610,2008-08-17,2008-08-23,0,train
611,2008-08-18,2008-08-24,0,train
612,2008-08-19,2008-08-25,0,train
613,2008-08-20,2008-08-26,0,train
614,2008-08-21,2008-08-27,0,train
615,2008-08-22,2008-08-28,0,train
616,2008-08-23,2008-08-29,0,train
617,2008-08-24,2008-08-30,0,test
618,2008-08-25,2008-08-31,0,train
619,2008-08-26,2008-09-01,0,train
620,2008-08-27,2008-09-02,0,train
621,2008-08-28,2008-09-03,0,train
622,2008-08-29,2008-09-04,0,train
623,2008-08-30,2008-09-05,0,train
624,2008-08-31,2008-09-06,0,train
625,2008-09-01,2008-09-07,0,train
626,2008-09-02,2008-09-08,0,test
627,2008-09-03,2008-09-09,0,train
628,2008-09-04,2008-09-10,0,train
629,2008-09-05,2008-09-11,1,train
630,2008-09-06,2008-09-12,1,train
631,2008-09-07,2008-09-13,0,train
632,2008-09-08,2008-09-14,0,train
633,2008-09-09,2008-09-15,0,train
634,2008-09-10,2008-09-16,0,test
635,2008-09-11,2008-09-17,0,train
636,2008-09-12,2008-09-18,0,train
637,2008-09-13,2008-09-19,0,train
638,2008-09-14,2008-09-20,0,train
639,2008-09-15,2008-09-21,0,train
640,2008-09-16,2008-09-22,0,train
641,2008-09-17,2008-09-23,0,train
642,2008-09-18,2008-09-24,0,test
643,2008-09-19,2008-09-25,0,train
644,2008-09-20,2008-09-26,0,train
645,2008-09-21,2008-09-27,0,train
646,2008-09-22,2008-09-28,0,train
647,2008-09-23,2008-09-29,0,train
648,2008-09-24,2008-09-30,0,train
649,2008-09-25,2008-10-01,0,train
650,2008-09-26,2008-10-02,0,test
651,2008-09-27,2008-10-03,0,train
652,2008-09-28,2008-10-04,0,train
653,2008-09-29,2008-10-05,0,train
654,2008-09-30,2008-10-06,0,test
655,2008-10-01,2008-10-07,0,train
656,2008-10-02,2008-10-08,0,train
657,2008-10-03,2008-10-09,0,train
658,2008-10-04,2008-10-10,0,train
659,2008-10-05,2008-10-11,0,train
660,2008-10-06,2008-10-12,0,train
661,2008-10-07,2008-10-13,0,train
662,2008-10-08,2008-10-14,0,train
663,2008-10-09,2008-10-15,0,train
664,2008-10-10,2008-10-16,1,train
665,2008-10-11,2008-10-17,0,train
666,2008-10-12,2008-10-18,0,test
667,2008-10-13,2008-10-19,0,train
668,2008-10-14,2008-10-20,0,train
669,2008-10-15,2008-10-21,0,train
670,2008-10-16,2008-10-22,0,test
671,2008-10-17,2008-10-23,0,train
672,2008-10-18,2008-10-24,0,train
673,2008-10-19,2008-10-25,0,train
674,2008-10-20,2008-10-26,0,train
675,2008-10-21,2008-10-27,0,test
676,2008-10-22,2008-10-28,0,train
677,2008-10-23,2008-10-29,0,train
678,2008-10-24,2008-10-30,0,train
679,2008-10-25,2008-10-31,0,train
680,2008-10-26,2008-11-01,0,train
681,2008-10-27,2008-11-02,0,train
682,2008-10-28,2008-11-03,0,test
683,2008-10-29,2008-11-04,0,test
684,2008-10-30,2008-11-05,0,test
685,2008-10-31,2008-11-06,0,test
686,2008-11-01,2008-11-07,0,train
687,2008-11-02,2008-11-08,0,train
688,2008-11-03,2008-11-09,0,test
689,2008-11-04,2008-11-10,0,test
690,2008-11-05,2008-11-11,0,test
691,2008-11-06,2008-11-12,0,test
692,2008-11-07,2008-11-13,0,train
693,2008-11-08,2008-11-14,0,train
694,2008-11-09,2008-11-15,0,train
695,2008-11-10,2008-11-16,0,train
696,2008-11-11,2008-11-17,0,train
697,2008-11-12,2008-11-18,0,train
698,2008-11-13,2008-11-19,0,train
699,2008-11-14,2008-11-20,0,train
700,2008-11-15,2008-11-21,0,train
701,2008-11-16,2008-11-22,0,test
702,2008-11-17,2008-11-23,0,test
703,2008-11-18,2008-11-24,0,train
704,2008-11-19,2008-11-25,0,train
705,2008-11-20,2008-11-26,1,train
706,2008-11-21,2008-11-27,0,train
707,2008-11-22,2008-11-28,0,test
708,2008-11-23,2008-11-29,0,train
709,2008-11-24,2008-11-30,1,train
710,2008-11-25,2008-12-01,0,train
711,2008-11-26,2008-12-02,1,train
712,2008-11-27,2008-12-03,0,train
713,2008-11-28,2008-12-04,0,train
714,2008-11-29,2008-12-05,1,test
715,2008-11-30,2008-12-06,0,train
716,2008-12-01,2008-12-07,0,train
717,2008-12-02,2008-12-08,0,train
718,2008-12-03,2008-12-09,0,train
719,2008-12-04,2008-12-10,0,train
720,2008-12-05,2008-12-11,0,train
721,2008-12-06,2008-12-12,0,train
722,2008-12-07,2008-12-13,0,train
723,2008-12-08,2008-12-14,0,train
724,2008-12-09,2008-12-15,0,train
725,2008-12-10,2008-12-16,0,train
726,2008-12-11,2008-12-17,0,train
727,2008-12-12,2008-12-18,0,train
728,2008-12-13,2008-12-19,0,test
729,2008-12-14,2008-12-20,1,train
730,2008-12-15,2008-12-21,0,train
731,2008-12-16,2008-12-22,0,test
732,2008-12-17,2008-12-23,1,test
733,2008-12-18,2008-12-24,0,train
734,2008-12-19,2008-12-25,0,train
735,2008-12-20,2008-12-26,0,test
736,2008-12-21,2008-12-27,0,test
737,2008-12-22,2008-12-28,0,train
738,2008-12-23,2008-12-29,0,train
739,2008-12-24,2008-12-30,0,train
740,2008-12-25,2008-12-31,0,train
741,2008-12-26,2009-01-01,0,train
742,2008-12-27,2009-01-02,0,train
743,2008-12-28,2009-01-03,1,train
744,2008-12-29,2009-01-04,0,train
745,2008-12-30,2009-01-05,0,train
746,2008-12-31,2009-01-06,0,train
747,2009-01-01,2009-01-07,0,train
748,2009-01-02,2009-01-08,0,test
749,2009-01-03,2009-01-09,0,test
750,2009-01-04,2009-01-10,0,train
751,2009-01-05,2009-01-11,0,train
752,2009-01-06,2009-01-12,1,train
753,2009-01-07,2009-01-13,0,test
754,2009-01-08,2009-01-14,1,train
755,2009-01-09,2009-01-15,0,train
756,2009-01-10,2009-01-16,0,train
757,2009-01-11,2009-01-17,0,train
758,2009-01-12,2009-01-18,0,train
759,2009-01-13,2009-01-19,0,train
760,2009-01-14,2009-01-20,0,train
761,2009-01-15,2009-01-21,0,test
762,2009-01-16,2009-01-22,1,train
763,2009-01-17,2009-01-23,0,train
764,2009-01-18,2009-01-24,1,train
765,2009-01-19,2009-01-25,0,train
766,2009-01-20,2009-01-26,0,train
767,2009-01-21,2009-01-27,0,train
768,2009-01-22,2009-01-28,0,train
769,2009-01-23,2009-01-29,0,train
770,2009-01-24,2009-01-30,0,train
771,2009-01-25,2009-01-31,0,train
772,2009-01-26,2009-02-01,0,train
773,2009-01-27,2009-02-02,0,test
774,2009-01-28,2009-02-03,0,train
775,2009-01-29,2009-02-04,0,train
776,2009-01-30,2009-02-05,0,train
777,2009-01-31,2009-02-06,0,train
778,2009-02-01,2009-02-07,0,train
779,2009-02-02,2009-02-08,0,test
780,2009-02-03,2009-02-09,0,train
781,2009-02-04,2009-02-10,0,train
782,2009-02-05,2009-02-11,0,train
783,2009-02-06,2009-02-12,0,test
784,2009-02-07,2009-02-13,0,train
785,2009-02-08,2009-02-14,0,train
786,2009-02-09,2009-02-15,0,train
787,2009-02-10,2009-02-16,0,train
788,2009-02-11,2009-02-17,0,train
789,2009-02-12,2009-02-18,0,train
790,2009-02-13,2009-02-19,0,train
791,2009-02-14,2009-02-20,0,train
792,2009-02-15,2009-02-21,0,train
793,2009-02-16,2009-02-22,0,train
794,2009-02-17,2009-02-23,0,train
795,2009-02-18,2009-02-24,0,train
796,2009-02-19,2009-02-25,0,test
797,2009-02-20,2009-02-26,0,train
798,2009-02-21,2009-02-27,0,train
799,2009-02-22,2009-02-28,0,train
800,2009-02-23,2009-03-01,0,train
801,2009-02-24,2009-03-02,0,test
802,2009-02-25,2009-03-03,0,test
803,2009-02-26,2009-03-04,0,test
804,2009-02-27,2009-03-05,0,train
805,2009-02-28,2009-03-06,0,test
806,2009-03-01,2009-03-07,0,train
807,2009-03-02,2009-03-08,0,train
808,2009-03-03,2009-03-09,0,train
809,2009-03-04,2009-03-10,0,train
810,2009-03-05,2009-03-11,0,train
811,2009-03-06,2009-03-12,0,train
812,2009-03-07,2009-03-13,0,train
813,2009-03-08,2009-03-14,0,train
814,2009-03-09,2009-03-15,1,test
815,2009-03-10,2009-03-16,0,train
816,2009-03-11,2009-03-17,0,train
817,2009-03-12,2009-03-18,0,train
818,2009-03-13,2009-03-19,0,test
819,2009-03-14,2009-03-20,0,train
820,2009-03-15,2009-03-21,1,train
821,2009-03-16,2009-03-22,0,train
822,2009-03-17,2009-03-23,0,test
823,2009-03-18,2009-03-24,0,train
824,2009-03-19,2009-03-25,0,train
825,2009-03-20,2009-03-26,0,test
826,2009-03-21,2009-03-27,0,train
827,2009-03-22,2009-03-28,0,train
828,2009-03-23,2009-03-29,0,train
829,2009-03-24,2009-03-30,1,test
830,2009-03-25,2009-03-31,0,train
831,2009-03-26,2009-04-01,0,train
832,2009-03-27,2009-04-02,1,train
833,2009-03-28,2009-04-03,0,test
834,2009-03-29,2009-04-04,0,test
835,2009-03-30,2009-04-05,0,train
836,2009-03-31,2009-04-06,0,train
837,2009-04-01,2009-04-07,0,test
838,2009-04-02,2009-04-08,0,train
839,2009-04-03,2009-04-09,0,train
840,2009-04-04,2009-04-10,0,train
841,2009-04-05,2009-04-11,0,train
842,2009-04-06,2009-04-12,0,train
843,2009-04-07,2009-04-13,0,train
844,2009-04-08,2009-04-14,0,train
845,2009-04-09,2009-04-15,0,train
846,2009-04-10,2009-04-16,1,test
847,2009-04-11,2009-04-17,0,train
848,2009-04-12,2009-04-18,0,train
849,2009-04-13,2009-04-19,0,train
850,2009-04-14,2009-04-20,0,test
851,2009-04-15,2009-04-21,0,train
852,2009-04-16,2009-04-22,0,train
853,2009-04-17,2009-04-23,0,test
854,2009-04-18,2009-04-24,0,test
855,2009-04-19,2009-04-25,0,train
856,2009-04-20,2009-04-26,0,test
857,2009-04-21,2009-04-27,0,train
858,2009-04-22,2009-04-28,0,train
859,2009-04-23,2009-04-29,0,test
860,2009-04-24,2009-04-30,0,train
861,2009-04-25,2009-05-01,0,train
862,2009-04-26,2009-05-02,0,train
863,2009-04-27,2009-05-03,0,test
864,2009-04-28,2009-05-04,0,test
865,2009-04-29,2009-05-05,0,train
866,2009-04-30,2009-05-06,0,train
867,2009-05-01,2009-05-07,0,train
868,2009-05-02,2009-05-08,0,train
869,2009-05-03,2009-05-09,0,train
870,2009-05-04,2009-05-10,0,train
871,2009-05-05,2009-05-11,0,train
872,2009-05-06,2009-05-12,0,train
873,2009-05-07,2009-05-13,1,train
874,2009-05-08,2009-05-14,0,train
875,2009-05-09,2009-05-15,0,test
876,2009-05-10,2009-05-16,0,train
877,2009-05-11,2009-05-17,0,train
878,2009-05-12,2009-05-18,0,train
879,2009-05-13,2009-05-19,0,train
880,2009-05-14,2009-05-20,0,train
881,2009-05-15,2009-05-21,0,test
882,2009-05-16,2009-05-22,0,train
883,2009-05-17,2009-05-23,0,train
884,2009-05-18,2009-05-24,0,train
885,2009-05-19,2009-05-25,0,train
886,2009-05-20,2009-05-26,1,test
887,2009-05-21,2009-05-27,0,train
888,2009-05-22,2009-05-28,0,train
889,2009-05-23,2009-05-29,0,train
890,2009-05-24,2009-05-30,0,train
891,2009-05-25,2009-05-31,0,train
892,2009-05-26,2009-06-01,0,test
893,2009-05-27,2009-06-02,0,train
894,2009-05-28,2009-06-03,0,train
895,2009-05-29,2009-06-04,0,train
896,2009-05-30,2009-06-05,0,test
897,2009-05-31,2009-06-06,0,train
898,2009-06-01,2009-06-07,1,test
899,2009-06-02,2009-06-08,0,train
900,2009-06-03,2009-06-09,0,train
901,2009-06-04,2009-06-10,0,train
902,2009-06-05,2009-06-11,0,test
903,2009-06-06,2009-06-12,1,train
904,2009-06-07,2009-06-13,0,train
905,2009-06-08,2009-06-14,0,train
906,2009-06-09,2009-06-15,1,train
907,2009-06-10,2009-06-16,0,train
908,2009-06-11,2009-06-17,0,train
909,2009-06-12,2009-06-18,0,train
910,2009-06-13,2009-06-19,0,train
911,2009-06-14,2009-06-20,0,train
912,2009-06-15,2009-06-21,1,train
913,2009-06-16,2009-06-22,0,train
914,2009-06-17,2009-06-23,0,train
915,2009-06-18,2009-06-24,0,train
916,2009-06-19,2009-06-25,0,train
917,2009-06-20,2009-06-26,0,train
918,2009-06-21,2009-06-27,1,train
919,2009-06-22,2009-06-28,0,train
920,2009-06-23,2009-06-29,0,test
921,2009-06-24,2009-06-30,0,train
922,2009-06-25,2009-07-01,1,train
923,2009-06-26,2009-07-02,0,test
924,2009-06-27,2009-07-03,0,train
925,2009-06-28,2009-07-04,0,train
926,2009-06-29,2009-07-05,0,train
927,2009-06-30,2009-07-06,0,test
928,2009-07-01,2009-07-07,0,train
929,2009-07-02,2009-07-08,0,train
930,2009-07-03,2009-07-09,0,test
931,2009-07-04,2009-07-10,0,train
932,2009-07-05,2009-07-11,0,train
933,2009-07-06,2009-07-12,0,train
934,2009-07-07,2009-07-13,0,train
935,2009-07-08,2009-07-14,0,train
936,2009-07-09,2009-07-15,0,train
937,2009-07-10,2009-07-16,0,test
938,2009-07-11,2009-07-17,0,test
939,2009-07-12,2009-07-18,0,train
940,2009-07-13,2009-07-19,1,train
941,2009-07-14,2009-07-20,0,train
942,2009-07-15,2009-07-21,0,train
943,2009-07-16,2009-07-22,0,train
944,2009-07-17,2009-07-23,0,train
945,2009-07-18,2009-07-24,0,test
946,2009-07-19,2009-07-25,0,test
947,2009-07-20,2009-07-26,0,train
948,2009-07-21,2009-07-27,0,test
949,2009-07-22,2009-07-28,0,train
950,2009-07-23,2009-07-29,0,train
951,2009-07-24,2009-07-30,0,test
952,2009-07-25,2009-07-31,0,train
953,2009-07-26,2009-08-01,0,train
954,2009-07-27,2009-08-02,0,train
955,2009-07-28,2009-08-03,0,train
956,2009-07-29,2009-08-04,0,train
957,2009-07-30,2009-08-05,0,train
958,2009-07-31,2009-08-06,0,train
959,2009-08-01,2009-08-07,0,test
960,2009-08-02,2009-08-08,0,train
961,2009-08-03,2009-08-09,0,train
962,2009-08-04,2009-08-10,0,train
963,2009-08-05,2009-08-11,0,train
964,2009-08-06,2009-08-12,0,test
965,2009-08-07,2009-08-13,0,test
966,2009-08-08,2009-08-14,0,train
967,2009-08-09,2009-08-15,0,train
968,2009-08-10,2009-08-16,0,train
969,2009-08-11,2009-08-17,0,train
970,2009-08-12,2009-08-18,0,train
971,2009-08-13,2009-08-19,0,train
972,2009-08-14,2009-08-20,0,train
973,2009-08-15,2009-08-21,0,train
974,2009-08-16,2009-08-22,0,train
975,2009-08-17,2009-08-23,0,train
976,2009-08-18,2009-08-24,0,train
977,2009-08-19,2009-08-25,0,train
978,2009-08-20,2009-08-26,0,train
979,2009-08-21,2009-08-27,0,train
980,2009-08-22,2009-08-28,0,train
981,2009-08-23,2009-08-29,0,test
982,2009-08-24,2009-08-30,0,train
983,2009-08-25,2009-08-31,0,train
984,2009-08-26,2009-09-01,0,train
985,2009-08-27,2009-09-02,0,train
986,2009-08-28,2009-09-03,0,train
987,2009-08-29,2009-09-04,0,train
988,2009-08-30,2009-09-05,0,train
989,2009-08-31,2009-09-06,0,train
990,2009-09-01,2009-09-07,1,train
991,2009-09-02,2009-09-08,0,train
992,2009-09-03,2009-09-09,0,train
993,2009-09-04,2009-09-10,0,train
994,2009-09-05,2009-09-11,0,train
995,2009-09-06,2009-09-12,0,train
996,2009-09-07,2009-09-13,0,train
997,2009-09-08,2009-09-14,0,test
998,2009-09-09,2009-09-15,0,test
999,2009-09-10,2009-09-16,0,train
1000,2009-09-11,2009-09-17,0,train
1001,2009-09-12,2009-09-18,1,test
1002,2009-09-13,2009-09-19,0,train
1003,2009-09-14,2009-09-20,0,train
1004,2009-09-15,2009-09-21,0,train
1005,2009-09-16,2009-09-22,0,train
1006,2009-09-17,2009-09-23,0,train
1007,2009-09-18,2009-09-24,0,train
1008,2009-09-19,2009-09-25,1,train
1009,2009-09-20,2009-09-26,0,train
1010,2009-09-21,2009-09-27,1,test
1011,2009-09-22,2009-09-28,0,train
1012,2009-09-23,2009-09-29,0,train
1013,2009-09-24,2009-09-30,0,train
1014,2009-09-25,2009-10-01,0,train
1015,2009-09-26,2009-10-02,0,train
1016,2009-09-27,2009-10-03,0,train
1017,2009-09-28,2009-10-04,0,train
1018,2009-09-29,2009-10-05,0,train
1019,2009-09-30,2009-10-06,0,train
1020,2009-10-01,2009-10-07,0,train
1021,2009-10-02,2009-10-08,0,train
1022,2009-10-03,2009-10-09,0,train
1023,2009-10-04,2009-10-10,0,test
1024,2009-10-05,2009-10-11,0,train
1025,2009-10-06,2009-10-12,0,train
1026,2009-10-07,2009-10-13,0,test
1027,2009-10-08,2009-10-14,0,test
1028,2009-10-09,2009-10-15,0,test
1029,2009-10-10,2009-10-16,0,test
1030,2009-10-11,2009-10-17,0,train
1031,2009-10-12,2009-10-18,0,test
1032,2009-10-13,2009-10-19,0,test
1033,2009-10-14,2009-10-20,0,train
1034,2009-10-15,2009-10-21,0,train
1035,2009-10-16,2009-10-22,0,train
1036,2009-10-17,2009-10-23,0,train
1037,2009-10-18,2009-10-24,0,train
1038,2009-10-19,2009-10-25,0,train
1039,2009-10-20,2009-10-26,0,train
1040,2009-10-21,2009-10-27,0,train
1041,2009-10-22,2009-10-28,0,train
1042,2009-10-23,2009-10-29,0,train
1043,2009-10-24,2009-10-30,0,train
1044,2009-10-25,2009-10-31,0,test
1045,2009-10-26,2009-11-01,0,train
1046,2009-10-27,2009-11-02,0,train
1047,2009-10-28,2009-11-03,0,test
1048,2009-10-29,2009-11-04,0,train
1049,2009-10-30,2009-11-05,0,train
1050,2009-10-31,2009-11-06,0,train
1051,2009-11-01,2009-11-07,0,train
1052,2009-11-02,2009-11-08,0,train
1053,2009-11-03,2009-11-09,0,test
1054,2009-11-04,2009-11-10,0,train
1055,2009-11-05,2009-11-11,0,train
1056,2009-11-06,2009-11-12,0,train
1057,2009-11-07,2009-11-13,0,train
1058,2009-11-08,2009-11-14,0,train
1059,2009-11-09,2009-11-15,0,train
1060,2009-11-10,2009-11-16,0,train
1061,2009-11-11,2009-11-17,0,train
1062,2009-11-12,2009-11-18,0,train
1063,2009-11-13,2009-11-19,0,train
1064,2009-11-14,2009-11-20,0,train
1065,2009-11-15,2009-11-21,0,train
1066,2009-11-16,2009-11-22,0,train
1067,2009-11-17,2009-11-23,0,test
1068,2009-11-18,2009-11-24,0,train
1069,2009-11-19,2009-11-25,0,train
1070,2009-11-20,2009-11-26,0,train
1071,2009-11-21,2009-11-27,0,train
1072,2009-11-22,2009-11-28,0,train
1073,2009-11-23,2009-11-29,0,train
1074,2009-11-24,2009-11-30,1,train
1075,2009-11-25,2009-12-01,0,train
1076,2009-11-26,2009-12-02,0,train
1077,2009-11-27,2009-12-03,0,train
1078,2009-11-28,2009-12-04,0,train
1079,2009-11-29,2009-12-05,0,train
1080,2009-11-30,2009-12-06,0,train
1081,2009-12-01,2009-12-07,0,train
1082,2009-12-02,2009-12-08,0,train
1083,2009-12-03,2009-12-09,0,train
1084,2009-12-04,2009-12-10,0,train
1085,2009-12-05,2009-12-11,0,test
1086,2009-12-06,2009-12-12,0,train
1087,2009-12-07,2009-12-13,0,test
1088,2009-12-08,2009-12-14,0,train
1089,2009-12-09,2009-12-15,0,test
1090,2009-12-10,2009-12-16,0,test
1091,2009-12-11,2009-12-17,1,test
1092,2009-12-12,2009-12-18,0,train
1093,2009-12-13,2009-12-19,0,test
1094,2009-12-14,2009-12-20,0,test
1095,2009-12-15,2009-12-21,0,test
1096,2009-12-16,2009-12-22,0,train
1097,2009-12-17,2009-12-23,0,train
1098,2009-12-18,2009-12-24,0,train
1099,2009-12-19,2009-12-25,0,test
1100,2009-12-20,2009-12-26,1,train
1101,2009-12-21,2009-12-27,0,train
1102,2009-12-22,2009-12-28,1,train
1103,2009-12-23,2009-12-29,0,train
1104,2009-12-24,2009-12-30,0,test
1105,2009-12-25,2009-12-31,0,train
1106,2009-12-26,2010-01-01,0,train
1107,2009-12-27,2010-01-02,0,train
1108,2009-12-28,2010-01-03,0,train
1109,2009-12-29,2010-01-04,1,train
1110,2009-12-30,2010-01-05,0,train
1111,2009-12-31,2010-01-06,0,train
1112,2010-01-01,2010-01-07,0,train
1113,2010-01-02,2010-01-08,0,train
1114,2010-01-03,2010-01-09,0,train
1115,2010-01-04,2010-01-10,0,test
1116,2010-01-05,2010-01-11,0,train
1117,2010-01-06,2010-01-12,0,train
1118,2010-01-07,2010-01-13,1,train
1119,2010-01-08,2010-01-14,0,train
1120,2010-01-09,2010-01-15,0,train
1121,2010-01-10,2010-01-16,0,train
1122,2010-01-11,2010-01-17,0,test
1123,2010-01-12,2010-01-18,0,test
1124,2010-01-13,2010-01-19,0,train
1125,2010-01-14,2010-01-20,0,train
1126,2010-01-15,2010-01-21,0,train
1127,2010-01-16,2010-01-22,0,train
1128,2010-01-17,2010-01-23,0,train
1129,2010-01-18,2010-01-24,0,test
1130,2010-01-19,2010-01-25,0,train
1131,2010-01-20,2010-01-26,0,train
1132,2010-01-21,2010-01-27,0,train
1133,2010-01-22,2010-01-28,0,train
1134,2010-01-23,2010-01-29,0,test
1135,2010-01-24,2010-01-30,0,train
1136,2010-01-25,2010-01-31,0,train
1137,2010-01-26,2010-02-01,0,test
1138,2010-01-27,2010-02-02,0,test
1139,2010-01-28,2010-02-03,0,train
1140,2010-01-29,2010-02-04,0,train
1141,2010-01-30,2010-02-05,0,train
1142,2010-01-31,2010-02-06,0,test
1143,2010-02-01,2010-02-07,0,train
1144,2010-02-02,2010-02-08,0,train
1145,2010-02-03,2010-02-09,0,train
1146,2010-02-04,2010-02-10,0,train
1147,2010-02-05,2010-02-11,0,train
1148,2010-02-06,2010-02-12,0,train
1149,2010-02-07,2010-02-13,0,test
1150,2010-02-08,2010-02-14,0,train
1151,2010-02-09,2010-02-15,0,train
1152,2010-02-10,2010-02-16,0,train
1153,2010-02-11,2010-02-17,0,train
1154,2010-02-12,2010-02-18,0,test
1155,2010-02-13,2010-02-19,0,train
1156,2010-02-14,2010-02-20,0,train
1157,2010-02-15,2010-02-21,1,train
1158,2010-02-16,2010-02-22,0,train
1159,2010-02-17,2010-02-23,0,train
1160,2010-02-18,2010-02-24,0,train
1161,2010-02-19,2010-02-25,0,test
1162,2010-02-20,2010-02-26,0,train
1163,2010-02-21,2010-02-27,0,train
1164,2010-02-22,2010-02-28,0,train
1165,2010-02-23,2010-03-01,0,test
1166,2010-02-24,2010-03-02,0,train
1167,2010-02-25,2010-03-03,0,train
1168,2010-02-26,2010-03-04,0,train
1169,2010-02-27,2010-03-05,0,train
1170,2010-02-28,2010-03-06,1,test
1171,2010-03-01,2010-03-07,0,train
1172,2010-03-02,2010-03-08,0,train
1173,2010-03-03,2010-03-09,0,train
1174,2010-03-04,2010-03-10,0,train
1175,2010-03-05,2010-03-11,1,test
1176,2010-03-06,2010-03-12,0,test
1177,2010-03-07,2010-03-13,0,test
1178,2010-03-08,2010-03-14,0,train
1179,2010-03-09,2010-03-15,0,train
1180,2010-03-10,2010-03-16,0,train
1181,2010-03-11,2010-03-17,0,train
1182,2010-03-12,2010-03-18,0,train
1183,2010-03-13,2010-03-19,0,train
1184,2010-03-14,2010-03-20,0,train
1185,2010-03-15,2010-03-21,0,test
1186,2010-03-16,2010-03-22,0,train
1187,2010-03-17,2010-03-23,0,test
1188,2010-03-18,2010-03-24,0,train
1189,2010-03-19,2010-03-25,0,train
1190,2010-03-20,2010-03-26,0,test
1191,2010-03-21,2010-03-27,0,train
1192,2010-03-22,2010-03-28,0,train
1193,2010-03-23,2010-03-29,0,train
1194,2010-03-24,2010-03-30,0,train
1195,2010-03-25,2010-03-31,1,train
1196,2010-03-26,2010-04-01,0,train
1197,2010-03-27,2010-04-02,0,train
1198,2010-03-28,2010-04-03,0,test
1199,2010-03-29,2010-04-04,0,train
1200,2010-03-30,2010-04-05,0,train
1201,2010-03-31,2010-04-06,0,test
1202,2010-04-01,2010-04-07,0,test
1203,2010-04-02,2010-04-08,0,test
1204,2010-04-03,2010-04-09,0,train
1205,2010-04-04,2010-04-10,0,test
1206,2010-04-05,2010-04-11,0,train
1207,2010-04-06,2010-04-12,0,train
1208,2010-04-07,2010-04-13,0,test
1209,2010-04-08,2010-04-14,0,train
1210,2010-04-09,2010-04-15,1,test
1211,2010-04-10,2010-04-16,0,train
1212,2010-04-11,2010-04-17,0,test
1213,2010-04-12,2010-04-18,0,test
1214,2010-04-13,2010-04-19,0,train
1215,2010-04-14,2010-04-20,0,train
1216,2010-04-15,2010-04-21,0,train
1217,2010-04-16,2010-04-22,0,test
1218,2010-04-17,2010-04-23,0,train
1219,2010-04-18,2010-04-24,1,train
1220,2010-04-19,2010-04-25,0,test
1221,2010-04-20,2010-04-26,1,train
1222,2010-04-21,2010-04-27,0,train
1223,2010-04-22,2010-04-28,0,train
1224,2010-04-23,2010-04-29,0,train
1225,2010-04-24,2010-04-30,0,train
1226,2010-04-25,2010-05-01,1,train
1227,2010-04-26,2010-05-02,0,test
1228,2010-04-27,2010-05-03,0,train
1229,2010-04-28,2010-05-04,1,test
1230,2010-04-29,2010-05-05,0,train
1231,2010-04-30,2010-05-06,0,train
1232,2010-05-01,2010-05-07,0,train
1233,2010-05-02,2010-05-08,0,train
1234,2010-05-03,2010-05-09,0,test
1235,2010-05-04,2010-05-10,0,train
1236,2010-05-05,2010-05-11,0,train
1237,2010-05-06,2010-05-12,0,train
1238,2010-05-07,2010-05-13,0,train
1239,2010-05-08,2010-05-14,0,test
1240,2010-05-09,2010-05-15,0,test
1241,2010-05-10,2010-05-16,0,test
1242,2010-05-11,2010-05-17,0,test
1243,2010-05-12,2010-05-18,0,train
1244,2010-05-13,2010-05-19,0,train
1245,2010-05-14,2010-05-20,0,train
1246,2010-05-15,2010-05-21,0,train
1247,2010-05-16,2010-05-22,0,train
1248,2010-05-17,2010-05-23,0,train
1249,2010-05-18,2010-05-24,0,test
1250,2010-05-19,2010-05-25,0,train
1251,2010-05-20,2010-05-26,1,test
1252,2010-05-21,2010-05-27,0,train
1253,2010-05-22,2010-05-28,0,train
1254,2010-05-23,2010-05-29,1,train
1255,2010-05-24,2010-05-30,0,train
1256,2010-05-25,2010-05-31,0,test
1257,2010-05-26,2010-06-01,0,train
1258,2010-05-27,2010-06-02,0,train
1259,2010-05-28,2010-06-03,1,train
1260,2010-05-29,2010-06-04,0,train
1261,2010-05-30,2010-06-05,0,train
1262,2010-05-31,2010-06-06,0,train
1263,2010-06-01,2010-06-07,0,train
1264,2010-06-02,2010-06-08,0,train
1265,2010-06-03,2010-06-09,0,test
1266,2010-06-04,2010-06-10,0,train
1267,2010-06-05,2010-06-11,0,train
1268,2010-06-06,2010-06-12,0,train
1269,2010-06-07,2010-06-13,0,train
1270,2010-06-08,2010-06-14,0,test
1271,2010-06-09,2010-06-15,0,train
1272,2010-06-10,2010-06-16,0,test
1273,2010-06-11,2010-06-17,0,test
1274,2010-06-12,2010-06-18,0,test
1275,2010-06-13,2010-06-19,0,train
1276,2010-06-14,2010-06-20,0,train
1277,2010-06-15,2010-06-21,0,train
1278,2010-06-16,2010-06-22,0,train
1279,2010-06-17,2010-06-23,0,train
1280,2010-06-18,2010-06-24,0,train
1281,2010-06-19,2010-06-25,1,train
1282,2010-06-20,2010-06-26,0,train
1283,2010-06-21,2010-06-27,0,train
1284,2010-06-22,2010-06-28,0,train
1285,2010-06-23,2010-06-29,0,test
1286,2010-06-24,2010-06-30,0,train
1287,2010-06-25,2010-07-01,0,train
1288,2010-06-26,2010-07-02,0,train
1289,2010-06-27,2010-07-03,0,train
1290,2010-06-28,2010-07-04,0,train
1291,2010-06-29,2010-07-05,1,train
1292,2010-06-30,2010-07-06,0,train
1293,2010-07-01,2010-07-07,0,train
1294,2010-07-02,2010-07-08,0,train
1295,2010-07-03,2010-07-09,0,test
1296,2010-07-04,2010-07-10,0,train
1297,2010-07-05,2010-07-11,0,test
1298,2010-07-06,2010-07-12,0,train
1299,2010-07-07,2010-07-13,0,train
1300,2010-07-08,2010-07-14,0,train
1301,2010-07-09,2010-07-15,0,train
1302,2010-07-10,2010-07-16,0,train
1303,2010-07-11,2010-07-17,0,train
1304,2010-07-12,2010-07-18,0,test
1305,2010-07-13,2010-07-19,0,test
1306,2010-07-14,2010-07-20,0,train
1307,2010-07-15,2010-07-21,0,test
1308,2010-07-16,2010-07-22,0,train
1309,2010-07-17,2010-07-23,0,train
1310,2010-07-18,2010-07-24,0,train
1311,2010-07-19,2010-07-25,0,train
1312,2010-07-20,2010-07-26,0,test
1313,2010-07-21,2010-07-27,0,test
1314,2010-07-22,2010-07-28,0,train
1315,2010-07-23,2010-07-29,0,train
1316,2010-07-24,2010-07-30,0,test
1317,2010-07-25,2010-07-31,0,train
1318,2010-07-26,2010-08-01,0,test
1319,2010-07-27,2010-08-02,0,train
1320,2010-07-28,2010-08-03,0,train
1321,2010-07-29,2010-08-04,0,train
1322,2010-07-30,2010-08-05,0,train
1323,2010-07-31,2010-08-06,0,test
1324,2010-08-01,2010-08-07,0,train
1325,2010-08-02,2010-08-08,0,train
1326,2010-08-03,2010-08-09,0,test
1327,2010-08-04,2010-08-10,0,train
1328,2010-08-05,2010-08-11,0,train
1329,2010-08-06,2010-08-12,0,train
1330,2010-08-07,2010-08-13,0,test
1331,2010-08-08,2010-08-14,0,train
1332,2010-08-09,2010-08-15,1,test
1333,2010-08-10,2010-08-16,0,train
1334,2010-08-11,2010-08-17,1,train
1335,2010-08-12,2010-08-18,0,train
1336,2010-08-13,2010-08-19,0,train
1337,2010-08-14,2010-08-20,0,train
1338,2010-08-15,2010-08-21,0,train
1339,2010-08-16,2010-08-22,0,train
1340,2010-08-17,2010-08-23,0,train
1341,2010-08-18,2010-08-24,0,train
1342,2010-08-19,2010-08-25,0,train
1343,2010-08-20,2010-08-26,0,train
1344,2010-08-21,2010-08-27,1,train
1345,2010-08-22,2010-08-28,0,train
1346,2010-08-23,2010-08-29,1,train
1347,2010-08-24,2010-08-30,0,train
1348,2010-08-25,2010-08-31,0,test
1349,2010-08-26,2010-09-01,0,train
1350,2010-08-27,2010-09-02,0,train
1351,2010-08-28,2010-09-03,0,test
1352,2010-08-29,2010-09-04,0,test
1353,2010-08-30,2010-09-05,0,test
1354,2010-08-31,2010-09-06,0,train
1355,2010-09-01,2010-09-07,1,train
1356,2010-09-02,2010-09-08,0,train
1357,2010-09-03,2010-09-09,0,test
1358,2010-09-04,2010-09-10,0,train
1359,2010-09-05,2010-09-11,0,test
1360,2010-09-06,2010-09-12,0,train
1361,2010-09-07,2010-09-13,0,train
1362,2010-09-08,2010-09-14,0,train
1363,2010-09-09,2010-09-15,0,train
1364,2010-09-10,2010-09-16,0,test
1365,2010-09-11,2010-09-17,0,train
1366,2010-09-12,2010-09-18,0,train
1367,2010-09-13,2010-09-19,0,train
1368,2010-09-14,2010-09-20,0,train
1369,2010-09-15,2010-09-21,0,train
1370,2010-09-16,2010-09-22,0,train
1371,2010-09-17,2010-09-23,0,test
1372,2010-09-18,2010-09-24,1,train
1373,2010-09-19,2010-09-25,0,train
1374,2010-09-20,2010-09-26,1,train
1375,2010-09-21,2010-09-27,0,train
1376,2010-09-22,2010-09-28,0,train
1377,2010-09-23,2010-09-29,0,train
1378,2010-09-24,2010-09-30,0,train
1379,2010-09-25,2010-10-01,0,train
1380,2010-09-26,2010-10-02,0,train
1381,2010-09-27,2010-10-03,0,train
1382,2010-09-28,2010-10-04,0,train
1383,2010-09-29,2010-10-05,0,train
1384,2010-09-30,2010-10-06,0,train
1385,2010-10-01,2010-10-07,0,train
1386,2010-10-02,2010-10-08,0,train
1387,2010-10-03,2010-10-09,0,train
1388,2010-10-04,2010-10-10,0,train
1389,2010-10-05,2010-10-11,0,train
1390,2010-10-06,2010-10-12,0,train
1391,2010-10-07,2010-10-13,0,train
1392,2010-10-08,2010-10-14,1,train
1393,2010-10-09,2010-10-15,0,train
1394,2010-10-10,2010-10-16,0,test
1395,2010-10-11,2010-10-17,0,test
1396,2010-10-12,2010-10-18,0,test
1397,2010-10-13,2010-10-19,0,train
1398,2010-10-14,2010-10-20,0,train
1399,2010-10-15,2010-10-21,0,test
1400,2010-10-16,2010-10-22,0,test
1401,2010-10-17,2010-10-23,0,train
1402,2010-10-18,2010-10-24,0,train
1403,2010-10-19,2010-10-25,0,train
1404,2010-10-20,2010-10-26,0,train
1405,2010-10-21,2010-10-27,0,train
1406,2010-10-22,2010-10-28,0,train
1407,2010-10-23,2010-10-29,0,train
1408,2010-10-24,2010-10-30,0,train
1409,2010-10-25,2010-10-31,0,train
1410,2010-10-26,2010-11-01,0,test
1411,2010-10-27,2010-11-02,0,train
1412,2010-10-28,2010-11-03,0,train
1413,2010-10-29,2010-11-04,0,test
1414,2010-10-30,2010-11-05,0,train
1415,2010-10-31,2010-11-06,0,train
1416,2010-11-01,2010-11-07,0,train
1417,2010-11-02,2010-11-08,0,train
1418,2010-11-03,2010-11-09,0,train
1419,2010-11-04,2010-11-10,0,train
1420,2010-11-05,2010-11-11,0,test
1421,2010-11-06,2010-11-12,0,train
1422,2010-11-07,2010-11-13,0,train
1423,2010-11-08,2010-11-14,0,train
1424,2010-11-09,2010-11-15,1,train
1425,2010-11-10,2010-11-16,0,train
1426,2010-11-11,2010-11-17,0,train
1427,2010-11-12,2010-11-18,0,train
1428,2010-11-13,2010-11-19,0,train
1429,2010-11-14,2010-11-20,0,train
1430,2010-11-15,2010-11-21,0,train
1431,2010-11-16,2010-11-22,0,train
1432,2010-11-17,2010-11-23,1,train
1433,2010-11-18,2010-11-24,0,train
1434,2010-11-19,2010-11-25,1,train
1435,2010-11-20,2010-11-26,0,train
